date,crop_name,market_name,price,arrival_quantity,district
2021-01-06,Potato,Arakalgud APMC,1600,10,Hassan
2021-03-06,Potato,Arakalgud APMC,1600,20,Hassan
2021-05-06,Potato,Arakalgud APMC,1600,20,Hassan
2021-08-06,Potato,Arakalgud APMC,1600,20,Hassan
2021-10-06,Potato,Arakalgud APMC,1600,30,Hassan
2021-12-05,Potato,Arakalgud APMC,1600,115,Hassan
2022-01-10,Potato,Arakalgud APMC,2500,2,Hassan
2022-02-07,Potato,Arakalgud APMC,2000,3,Hassan
2022-05-02,Potato,Arakalgud APMC,2500,4,Hassan
2022-05-03,Potato,Arakalgud APMC,2000,3,Hassan
2022-05-11,Potato,Arakalgud APMC,2000,3,Hassan
2022-06-08,Potato,Arakalgud APMC,2500,2,Hassan
2022-08-10,Potato,Arakalgud APMC,2500,2,Hassan
2022-10-09,Potato,Arakalgud APMC,2500,2,Hassan
2022-12-02,Potato,Arakalgud APMC,2000,5,Hassan
2022-12-03,Potato,Arakalgud APMC,2000,3,Hassan
2022-12-11,Potato,Arakalgud APMC,2500,2,Hassan
2023-01-04,Potato,Arakalgud APMC,2000,3,Hassan
2023-01-07,Potato,Arakalgud APMC,2500,2,Hassan
2023-03-06,Potato,Arakalgud APMC,2000,3,Hassan
2023-07-01,Potato,Arakalgud APMC,2500,2,Hassan
2023-08-04,Potato,Arakalgud APMC,2000,3,Hassan
2023-08-07,Potato,Arakalgud APMC,2500,2,Hassan
2023-10-06,Potato,Arakalgud APMC,2500,2,Hassan
2023-11-02,Potato,Arakalgud APMC,2500,2,Hassan
2023-11-03,Potato,Arakalgud APMC,2500,2,Hassan
2023-12-08,Potato,Arakalgud APMC,2000,3,Hassan
2024-10-02,Potato,Arakalgud APMC,2000,3,Hassan
2026-01-08,Potato,Arakalgud APMC,2000,3,Hassan
2021-01-12,Potato,Arasikere APMC,1800,1,Hassan
2021-08-11,Potato,Arasikere APMC,1500,1,Hassan
2022-02-03,Potato,Arasikere APMC,1500,1,Hassan
2023-02-06,Potato,Arasikere APMC,1200,4,Hassan
2023-05-10,Potato,Arasikere APMC,1800,1,Hassan
2024-01-06,Potato,Arasikere APMC,1000,7,Hassan
2024-03-08,Potato,Arasikere APMC,7000,5,Hassan
2024-04-05,Potato,Arasikere APMC,2300,2,Hassan
2024-05-11,Potato,Arasikere APMC,3000,3,Hassan
2024-06-04,Potato,Arasikere APMC,750,2,Hassan
2024-06-07,Potato,Arasikere APMC,3000,7,Hassan
2024-07-05,Potato,Arasikere APMC,2500,1,Hassan
2024-07-12,Potato,Arasikere APMC,3000,5,Hassan
2024-08-05,Potato,Arasikere APMC,3000,6,Hassan
2024-09-09,Potato,Arasikere APMC,3000,4,Hassan
2024-10-06,Potato,Arasikere APMC,2200,7,Hassan
2024-11-11,Potato,Arasikere APMC,2500,11,Hassan
2024-12-08,Potato,Arasikere APMC,3000,14,Hassan
2025-01-02,Potato,Arasikere APMC,2500,3,Hassan
2025-01-03,Potato,Arasikere APMC,2500,8,Hassan
2025-02-12,Potato,Arasikere APMC,2500,0.4,Hassan
2025-04-01,Potato,Arasikere APMC,2000,17,Hassan
2025-07-11,Potato,Arasikere APMC,2500,0.4,Hassan
2025-10-02,Potato,Arasikere APMC,3000,10,Hassan
2025-10-11,Potato,Arasikere APMC,3000,4.8,Hassan
2026-02-03,Potato,Arasikere APMC,1800,2,Hassan
2026-03-01,Potato,Arasikere APMC,1500,8.1,Hassan
2026-03-08,Potato,Arasikere APMC,1500,7.3,Hassan
2026-04-05,Potato,Arasikere APMC,2000,7,Hassan
2026-06-03,Potato,Arasikere APMC,1400,8,Hassan
2026-06-04,Potato,Arasikere APMC,1400,8,Hassan
2026-06-06,Potato,Arasikere APMC,1500,2.5,Hassan
2026-07-02,Potato,Arasikere APMC,1500,3,Hassan
2026-07-07,Potato,Arasikere APMC,1500,10,Hassan
2021-02-05,Potato,Belur APMC,1500,4,Hassan
2021-02-09,Potato,Belur APMC,700,7,Hassan
2021-03-02,Potato,Belur APMC,1300,4,Hassan
2021-03-03,Potato,Belur APMC,1000,7,Hassan
2021-03-10,Potato,Belur APMC,1000,3,Hassan
2021-03-11,Potato,Belur APMC,2000,2,Hassan
2021-05-09,Potato,Belur APMC,1000,4,Hassan
2021-06-01,Potato,Belur APMC,2000,3,Hassan
2021-06-09,Potato,Belur APMC,700,8,Hassan
2021-08-09,Potato,Belur APMC,800,6,Hassan
2021-08-12,Potato,Belur APMC,2000,4,Hassan
2021-10-02,Potato,Belur APMC,1000,6,Hassan
2021-10-03,Potato,Belur APMC,1000,3,Hassan
2021-10-10,Potato,Belur APMC,1000,2,Hassan
2021-11-08,Potato,Belur APMC,2000,2,Hassan
2022-06-01,Potato,Belur APMC,2000,1,Hassan
2022-06-02,Potato,Belur APMC,2500,1,Hassan
2022-06-11,Potato,Belur APMC,2000,2,Hassan
2022-07-12,Potato,Belur APMC,2500,1,Hassan
2022-09-02,Potato,Belur APMC,1750,1,Hassan
2022-11-09,Potato,Belur APMC,2000,1,Hassan
2022-12-01,Potato,Belur APMC,1500,2,Hassan
2022-12-10,Potato,Belur APMC,2200,2,Hassan
2023-01-02,Potato,Belur APMC,2500,1,Hassan
2023-01-09,Potato,Belur APMC,1300,7,Hassan
2023-03-10,Potato,Belur APMC,1400,5,Hassan
2023-04-01,Potato,Belur APMC,2000,1,Hassan
2023-04-09,Potato,Belur APMC,1400,7,Hassan
2023-07-02,Potato,Belur APMC,1600,2,Hassan
2023-07-09,Potato,Belur APMC,1500,2,Hassan
2023-08-01,Potato,Belur APMC,2500,1,Hassan
2023-08-03,Potato,Belur APMC,1000,5,Hassan
2023-09-03,Potato,Belur APMC,1000,7,Hassan
2023-11-01,Potato,Belur APMC,2200,1,Hassan
2023-12-03,Potato,Belur APMC,1000,4,Hassan
2023-12-04,Potato,Belur APMC,1200,2,Hassan
2023-12-09,Potato,Belur APMC,1200,7,Hassan
2024-08-02,Potato,Belur APMC,1400,2,Hassan
2026-04-05,Potato,Belur APMC,1400,2.4,Hassan
2026-06-05,Potato,Belur APMC,1400,2.4,Hassan
2021-01-12,Potato,Channarayapatna APMC,1500,4,Hassan
2021-02-12,Potato,Channarayapatna APMC,1500,6,Hassan
2021-03-02,Potato,Channarayapatna APMC,2000,1,Hassan
2021-03-03,Potato,Channarayapatna APMC,3000,1,Hassan
2021-04-02,Potato,Channarayapatna APMC,1600,1,Hassan
2021-04-10,Potato,Channarayapatna APMC,1500,1,Hassan
2021-04-11,Potato,Channarayapatna APMC,1500,3,Hassan
2021-05-12,Potato,Channarayapatna APMC,3150,3,Hassan
2021-06-06,Potato,Channarayapatna APMC,1500,3,Hassan
2021-06-07,Potato,Channarayapatna APMC,2000,1,Hassan
2021-06-11,Potato,Channarayapatna APMC,1000,4,Hassan
2021-06-12,Potato,Channarayapatna APMC,4000,2,Hassan
2021-07-01,Potato,Channarayapatna APMC,2000,1,Hassan
2021-07-04,Potato,Channarayapatna APMC,2000,5,Hassan
2021-07-05,Potato,Channarayapatna APMC,1500,3,Hassan
2021-07-12,Potato,Channarayapatna APMC,1500,1,Hassan
2021-08-05,Potato,Channarayapatna APMC,2000,1,Hassan
2021-08-07,Potato,Channarayapatna APMC,1400,1,Hassan
2021-08-09,Potato,Channarayapatna APMC,1500,1,Hassan
2021-08-10,Potato,Channarayapatna APMC,1500,1,Hassan
2021-08-12,Potato,Channarayapatna APMC,1600,1,Hassan
2021-09-05,Potato,Channarayapatna APMC,1500,1,Hassan
2021-09-08,Potato,Channarayapatna APMC,1500,1,Hassan
2021-09-09,Potato,Channarayapatna APMC,1500,2,Hassan
2021-09-10,Potato,Channarayapatna APMC,1500,1,Hassan
2021-09-11,Potato,Channarayapatna APMC,2000,4,Hassan
2021-10-02,Potato,Channarayapatna APMC,2000,2,Hassan
2021-10-05,Potato,Channarayapatna APMC,2000,2,Hassan
2021-10-12,Potato,Channarayapatna APMC,3000,4,Hassan
2021-11-08,Potato,Channarayapatna APMC,1500,1,Hassan
2021-11-09,Potato,Channarayapatna APMC,1500,3,Hassan
2021-12-05,Potato,Channarayapatna APMC,2500,1,Hassan
2021-12-08,Potato,Channarayapatna APMC,1500,1,Hassan
2021-12-11,Potato,Channarayapatna APMC,1500,2,Hassan
2022-01-01,Potato,Channarayapatna APMC,3000,1,Hassan
2022-01-04,Potato,Channarayapatna APMC,1625,3,Hassan
2022-01-12,Potato,Channarayapatna APMC,2000,1,Hassan
2022-02-07,Potato,Channarayapatna APMC,3000,2,Hassan
2022-02-12,Potato,Channarayapatna APMC,2000,1,Hassan
2022-03-01,Potato,Channarayapatna APMC,2200,2,Hassan
2022-03-09,Potato,Channarayapatna APMC,2000,6,Hassan
2022-04-02,Potato,Channarayapatna APMC,3000,1,Hassan
2022-04-07,Potato,Channarayapatna APMC,2000,1,Hassan
2022-07-08,Potato,Channarayapatna APMC,2000,2,Hassan
2022-07-10,Potato,Channarayapatna APMC,2000,1,Hassan
2022-07-11,Potato,Channarayapatna APMC,2000,1,Hassan
2022-08-12,Potato,Channarayapatna APMC,2000,2,Hassan
2022-09-06,Potato,Channarayapatna APMC,1500,2,Hassan
2022-09-07,Potato,Channarayapatna APMC,2000,6,Hassan
2022-09-09,Potato,Channarayapatna APMC,2000,6,Hassan
2022-09-12,Potato,Channarayapatna APMC,2000,1,Hassan
2022-10-06,Potato,Channarayapatna APMC,2000,2,Hassan
2022-11-01,Potato,Channarayapatna APMC,3000,1,Hassan
2022-12-06,Potato,Channarayapatna APMC,1500,2,Hassan
2023-01-06,Potato,Channarayapatna APMC,2000,2,Hassan
2023-01-09,Potato,Channarayapatna APMC,3000,1,Hassan
2023-02-01,Potato,Channarayapatna APMC,2000,1,Hassan
2023-02-08,Potato,Channarayapatna APMC,3000,2,Hassan
2023-03-02,Potato,Channarayapatna APMC,2000,1,Hassan
2023-03-06,Potato,Channarayapatna APMC,2000,3,Hassan
2023-03-07,Potato,Channarayapatna APMC,3000,4,Hassan
2023-03-10,Potato,Channarayapatna APMC,2000,1,Hassan
2023-05-04,Potato,Channarayapatna APMC,2000,1,Hassan
2023-06-01,Potato,Channarayapatna APMC,2000,1,Hassan
2023-06-04,Potato,Channarayapatna APMC,2000,1,Hassan
2023-07-01,Potato,Channarayapatna APMC,2000,1,Hassan
2023-07-06,Potato,Channarayapatna APMC,2000,3,Hassan
2023-07-07,Potato,Channarayapatna APMC,2000,1,Hassan
2023-08-04,Potato,Channarayapatna APMC,2000,5,Hassan
2023-08-06,Potato,Channarayapatna APMC,2000,1,Hassan
2023-08-07,Potato,Channarayapatna APMC,3000,2,Hassan
2023-09-02,Potato,Channarayapatna APMC,2000,6,Hassan
2023-09-06,Potato,Channarayapatna APMC,2000,1,Hassan
2023-09-08,Potato,Channarayapatna APMC,3000,4,Hassan
2023-10-02,Potato,Channarayapatna APMC,2000,1,Hassan
2023-10-06,Potato,Channarayapatna APMC,2000,2,Hassan
2023-11-10,Potato,Channarayapatna APMC,3000,1,Hassan
2023-12-09,Potato,Channarayapatna APMC,3000,1,Hassan
2024-02-01,Potato,Channarayapatna APMC,3000,1,Hassan
2024-02-05,Potato,Channarayapatna APMC,2000,1,Hassan
2024-03-04,Potato,Channarayapatna APMC,3000,1,Hassan
2024-05-03,Potato,Channarayapatna APMC,3000,1,Hassan
2024-08-05,Potato,Channarayapatna APMC,3000,3,Hassan
2024-10-08,Potato,Channarayapatna APMC,3000,1,Hassan
2025-01-08,Potato,Channarayapatna APMC,2000,1,Hassan
2025-02-07,Potato,Channarayapatna APMC,2000,4,Hassan
2025-02-11,Potato,Channarayapatna APMC,2000,0.07,Hassan
2025-03-02,Potato,Channarayapatna APMC,2000,4,Hassan
2025-04-06,Potato,Channarayapatna APMC,2000,4,Hassan
2025-04-08,Potato,Channarayapatna APMC,2000,3,Hassan
2026-02-03,Potato,Channarayapatna APMC,3500,0.4,Hassan
2026-02-05,Potato,Channarayapatna APMC,3500,2,Hassan
2026-03-08,Potato,Channarayapatna APMC,3000,3.2,Hassan
2026-06-04,Potato,Channarayapatna APMC,3500,1.6,Hassan
2026-06-06,Potato,Channarayapatna APMC,3500,1.6,Hassan
2026-06-07,Potato,Channarayapatna APMC,3500,3.2,Hassan
2026-08-03,Potato,Channarayapatna APMC,3500,1.2,Hassan
2021-01-09,Potato,Hassan APMC,800,421,Hassan
2021-01-12,Potato,Hassan APMC,1700,338,Hassan
2021-02-06,Potato,Hassan APMC,1200,148,Hassan
2021-02-12,Potato,Hassan APMC,1600,35,Hassan
2021-03-02,Potato,Hassan APMC,1536,166,Hassan
2021-03-03,Potato,Hassan APMC,1400,215,Hassan
2021-03-08,Potato,Hassan APMC,500,50,Hassan
2021-03-09,Potato,Hassan APMC,500,50,Hassan
2021-04-03,Potato,Hassan APMC,890,54,Hassan
2021-04-11,Potato,Hassan APMC,1600,317,Hassan
2021-05-05,Potato,Hassan APMC,1075,195,Hassan
2021-05-10,Potato,Hassan APMC,800,372,Hassan
2021-06-01,Potato,Hassan APMC,2250,156,Hassan
2021-07-01,Potato,Hassan APMC,2300,46,Hassan
2021-07-04,Potato,Hassan APMC,800,175,Hassan
2021-07-06,Potato,Hassan APMC,1500,56,Hassan
2021-07-07,Potato,Hassan APMC,1000,180,Hassan
2021-08-09,Potato,Hassan APMC,1000,440,Hassan
2021-08-12,Potato,Hassan APMC,1400,153,Hassan
2021-09-06,Potato,Hassan APMC,1200,162,Hassan
2021-10-02,Potato,Hassan APMC,1725,218,Hassan
2021-10-03,Potato,Hassan APMC,2000,90,Hassan
2021-10-08,Potato,Hassan APMC,700,4,Hassan
2021-10-11,Potato,Hassan APMC,1800,195,Hassan
2021-11-02,Potato,Hassan APMC,1212,26,Hassan
2021-11-05,Potato,Hassan APMC,1500,812,Hassan
2021-11-08,Potato,Hassan APMC,1200,331,Hassan
2021-12-05,Potato,Hassan APMC,1500,1010,Hassan
2021-12-11,Potato,Hassan APMC,1400,65,Hassan
2022-01-06,Potato,Hassan APMC,1460,295,Hassan
2022-01-09,Potato,Hassan APMC,1696,237,Hassan
2022-01-12,Potato,Hassan APMC,2000,101,Hassan
2022-02-02,Potato,Hassan APMC,1010,429,Hassan
2022-02-03,Potato,Hassan APMC,1700,229,Hassan
2022-02-11,Potato,Hassan APMC,2000,291,Hassan
2022-03-08,Potato,Hassan APMC,1263,196,Hassan
2022-04-05,Potato,Hassan APMC,932,127,Hassan
2022-04-06,Potato,Hassan APMC,2200,81,Hassan
2022-04-07,Potato,Hassan APMC,800,120,Hassan
2022-05-01,Potato,Hassan APMC,800,489,Hassan
2022-06-04,Potato,Hassan APMC,1200,232,Hassan
2022-06-10,Potato,Hassan APMC,1800,71,Hassan
2022-07-06,Potato,Hassan APMC,2200,50,Hassan
2022-07-07,Potato,Hassan APMC,1285,219,Hassan
2022-07-09,Potato,Hassan APMC,1200,238,Hassan
2022-07-10,Potato,Hassan APMC,1546,183,Hassan
2022-07-12,Potato,Hassan APMC,1800,315,Hassan
2022-08-06,Potato,Hassan APMC,1818,318,Hassan
2022-08-09,Potato,Hassan APMC,1600,21,Hassan
2022-09-02,Potato,Hassan APMC,1500,273,Hassan
2022-09-03,Potato,Hassan APMC,964,251,Hassan
2022-09-05,Potato,Hassan APMC,2800,561,Hassan
2022-09-11,Potato,Hassan APMC,1900,238,Hassan
2022-10-05,Potato,Hassan APMC,2800,641,Hassan
2022-10-08,Potato,Hassan APMC,1417,142,Hassan
2022-11-05,Potato,Hassan APMC,2600,759,Hassan
2022-12-01,Potato,Hassan APMC,1200,274,Hassan
2022-12-05,Potato,Hassan APMC,2500,576,Hassan
2022-12-10,Potato,Hassan APMC,1580,215,Hassan
2023-01-02,Potato,Hassan APMC,1340,347,Hassan
2023-01-03,Potato,Hassan APMC,1000,246,Hassan
2023-01-06,Potato,Hassan APMC,1666,120,Hassan
2023-01-09,Potato,Hassan APMC,783,78,Hassan
2023-02-06,Potato,Hassan APMC,1666,88,Hassan
2023-02-08,Potato,Hassan APMC,1300,236,Hassan
2023-03-05,Potato,Hassan APMC,900,300,Hassan
2023-03-06,Potato,Hassan APMC,1666,54,Hassan
2023-03-11,Potato,Hassan APMC,1200,233,Hassan
2023-04-01,Potato,Hassan APMC,1450,281,Hassan
2023-04-10,Potato,Hassan APMC,1400,279,Hassan
2023-05-04,Potato,Hassan APMC,905,309,Hassan
2023-05-07,Potato,Hassan APMC,1058,272,Hassan
2023-05-10,Potato,Hassan APMC,1022,138,Hassan
2023-05-12,Potato,Hassan APMC,1400,152,Hassan
2023-06-06,Potato,Hassan APMC,1666,104,Hassan
2023-06-12,Potato,Hassan APMC,1400,167,Hassan
2023-07-06,Potato,Hassan APMC,1043,279,Hassan
2023-08-02,Potato,Hassan APMC,1200,321,Hassan
2023-08-03,Potato,Hassan APMC,1000,377,Hassan
2023-08-06,Potato,Hassan APMC,1666,3,Hassan
2023-08-11,Potato,Hassan APMC,1400,352,Hassan
2023-09-06,Potato,Hassan APMC,1666,45,Hassan
2023-09-08,Potato,Hassan APMC,1229,291,Hassan
2023-09-11,Potato,Hassan APMC,1095,66,Hassan
2023-10-10,Potato,Hassan APMC,1333,25,Hassan
2023-11-01,Potato,Hassan APMC,1367,291,Hassan
2023-11-05,Potato,Hassan APMC,897,309,Hassan
2023-11-10,Potato,Hassan APMC,1776,236,Hassan
2023-12-04,Potato,Hassan APMC,720,275,Hassan
2023-12-05,Potato,Hassan APMC,1666,478,Hassan
2023-12-06,Potato,Hassan APMC,1666,15,Hassan
2023-12-07,Potato,Hassan APMC,1210,185,Hassan
2023-12-10,Potato,Hassan APMC,1178,68,Hassan
2024-02-05,Potato,Hassan APMC,965,223,Hassan
2024-02-07,Potato,Hassan APMC,2500,672,Hassan
2024-03-01,Potato,Hassan APMC,1100,340,Hassan
2024-03-10,Potato,Hassan APMC,1000,329,Hassan
2024-04-10,Potato,Hassan APMC,2976,25,Hassan
2024-05-06,Potato,Hassan APMC,1800,217,Hassan
2024-05-07,Potato,Hassan APMC,1600,149,Hassan
2024-05-09,Potato,Hassan APMC,1800,31,Hassan
2024-05-10,Potato,Hassan APMC,1800,31,Hassan
2024-06-06,Potato,Hassan APMC,1800,17,Hassan
2024-07-02,Potato,Hassan APMC,1340,545,Hassan
2024-07-06,Potato,Hassan APMC,2400,897,Hassan
2024-07-10,Potato,Hassan APMC,2600,184,Hassan
2024-08-02,Potato,Hassan APMC,2100,7,Hassan
2024-08-05,Potato,Hassan APMC,1100,466,Hassan
2024-09-10,Potato,Hassan APMC,1500,255,Hassan
2024-10-01,Potato,Hassan APMC,1600,313,Hassan
2024-11-01,Potato,Hassan APMC,2219,2,Hassan
2024-12-04,Potato,Hassan APMC,2000,14,Hassan
2024-12-09,Potato,Hassan APMC,1300,26,Hassan
2025-01-08,Potato,Hassan APMC,1100,241,Hassan
2025-02-05,Potato,Hassan APMC,1400,52,Hassan
2025-03-07,Potato,Hassan APMC,1600,58,Hassan
2025-03-10,Potato,Hassan APMC,1100,2.16,Hassan
2025-05-07,Potato,Hassan APMC,800,345,Hassan
2025-06-05,Potato,Hassan APMC,2000,2,Hassan
2025-06-08,Potato,Hassan APMC,1500,14,Hassan
2025-07-08,Potato,Hassan APMC,1800,164,Hassan
2025-10-06,Potato,Hassan APMC,1100,420,Hassan
2025-10-09,Potato,Hassan APMC,1400,41,Hassan
2025-11-06,Potato,Hassan APMC,1900,37,Hassan
2025-12-03,Potato,Hassan APMC,1100,226,Hassan
2025-12-06,Potato,Hassan APMC,1400,517,Hassan
2026-01-04,Potato,Hassan APMC,750,422.9,Hassan
2026-01-06,Potato,Hassan APMC,1200,36.4,Hassan
2026-01-07,Potato,Hassan APMC,1200,451.5,Hassan
2026-01-08,Potato,Hassan APMC,1000,10,Hassan
2026-02-03,Potato,Hassan APMC,600,26.5,Hassan
2026-02-04,Potato,Hassan APMC,650,171.3,Hassan
2026-02-05,Potato,Hassan APMC,760,11.5,Hassan
2026-02-06,Potato,Hassan APMC,1200,234.9,Hassan
2026-02-07,Potato,Hassan APMC,1200,132.8,Hassan
2026-03-04,Potato,Hassan APMC,700,10.5,Hassan
2026-03-06,Potato,Hassan APMC,1200,462.3,Hassan
2026-03-07,Potato,Hassan APMC,1000,2.5,Hassan
2026-03-08,Potato,Hassan APMC,1000,6.5,Hassan
2026-04-02,Potato,Hassan APMC,900,506.4,Hassan
2026-04-03,Potato,Hassan APMC,800,237.1,Hassan
2026-04-06,Potato,Hassan APMC,1200,120.4,Hassan
2026-05-03,Potato,Hassan APMC,700,199.7,Hassan
2026-05-06,Potato,Hassan APMC,1200,165.7,Hassan
2026-05-08,Potato,Hassan APMC,1179,177,Hassan
2026-06-04,Potato,Hassan APMC,690,10.2,Hassan
2026-06-05,Potato,Hassan APMC,1100,283.3,Hassan
2026-06-06,Potato,Hassan APMC,1200,299.4,Hassan
2026-06-07,Potato,Hassan APMC,1000,11.5,Hassan
2026-07-04,Potato,Hassan APMC,690,10.5,Hassan
2026-07-05,Potato,Hassan APMC,650,85,Hassan
2026-07-06,Potato,Hassan APMC,1333,9,Hassan
2026-07-07,Potato,Hassan APMC,1000,27.5,Hassan
2026-08-04,Potato,Hassan APMC,578,314.2,Hassan
